name,type1,type2,ability1,ability2,tier,hp,atk,def,spa,spd,spe
Abomasnow,Grass,Ice,Snow Warning,Soundproof,PU,90,92,75,92,85,60
Abomasnow-Mega,Grass,Ice,Snow Warning,,NU,90,132,105,132,105,30
Abra,Psychic,,Inner Focus,Magic Guard,LC,25,20,15,105,55,90
Absol,Dark,,Justified,Pressure,PU,65,130,60,75,60,75
Absol-Mega,Dark,,Magic Bounce,,RUBL,65,150,60,115,60,115
Accelgor,Bug,,Hydration,Sticky Hold,NU,80,70,40,100,60,145
Aegislash,Steel,Ghost,Stance Change,,Uber,60,50,150,50,150,60
Aegislash-Blade,Steel,Ghost,Stance Change,,Uber,60,150,50,150,50,60
Aerodactyl,Rock,Flying,Pressure,Rock Head,NU,80,105,65,60,75,130
Aerodactyl-Mega,Rock,Flying,Tough Claws,,UU,80,135,85,70,95,150
Aggron,Steel,Rock,Heavy Metal,Rock Head,PU,70,110,180,60,60,50
Aggron-Mega,Steel,,Filter,,UU,70,140,230,60,80,50
Aipom,Normal,,Pickup,Run Away,,55,70,55,40,55,85
Alakazam,Psychic,,Inner Focus,Magic Guard,UUBL,55,50,45,135,95,120
Alakazam-Mega,Psychic,,Trace,,OU,55,50,65,175,105,150
Alomomola,Water,,Healer,Hydration,UU,165,75,80,40,45,65
Altaria,Dragon,Flying,Cloud Nine,Natural Cure,Untiered,75,70,90,70,105,80
Altaria-Mega,Dragon,Fairy,Pixilate,,UU,75,110,110,110,105,80
Amaura,Rock,Ice,Refrigerate,Snow Warning,LC,77,59,50,67,63,46
Ambipom,Normal,,Pickup,Skill Link,NU,75,100,66,60,66,115
Amoonguss,Grass,Poison,Effect Spore,Regenerator,UU,114,85,70,85,80,30
Ampharos,Electric,,Plus,Static,Untiered,90,75,85,115,90,55
Ampharos-Mega,Electric,Dragon,Mold Breaker,,RU,90,95,105,165,110,45
Anorith,Rock,Bug,Battle Armor,Swift Swim,LC,45,95,50,40,50,75
Araquanid,Water,Bug,Water Absorb,Water Bubble,RU,68,70,92,50,132,42
Arbok,Poison,,Intimidate,Shed Skin,Untiered,60,95,69,65,79,80
Arcanine,Fire,,Flash Fire,Intimidate,RU,90,110,80,100,80,95
Arceus,Normal,,Multitype,,Uber,120,120,120,120,120,120
Arceus-Bug,Bug,,Multitype,,Uber,120,120,120,120,120,120
Arceus-Dark,Dark,,Multitype,,Uber,120,120,120,120,120,120
Arceus-Dragon,Dragon,,Multitype,,Uber,120,120,120,120,120,120
Arceus-Electric,Electric,,Multitype,,Uber,120,120,120,120,120,120
Arceus-Fairy,Fairy,,Multitype,,Uber,120,120,120,120,120,120
Arceus-Fighting,Fighting,,Multitype,,Uber,120,120,120,120,120,120
Arceus-Fire,Fire,,Multitype,,Uber,120,120,120,120,120,120
Arceus-Flying,Flying,,Multitype,,Uber,120,120,120,120,120,120
Arceus-Ghost,Ghost,,Multitype,,Uber,120,120,120,120,120,120
Arceus-Grass,Grass,,Multitype,,Uber,120,120,120,120,120,120
Arceus-Ground,Ground,,Multitype,,Uber,120,120,120,120,120,120
Arceus-Ice,Ice,,Multitype,,Uber,120,120,120,120,120,120
Arceus-Poison,Poison,,Multitype,,Uber,120,120,120,120,120,120
Arceus-Psychic,Psychic,,Multitype,,Uber,120,120,120,120,120,120
Arceus-Rock,Rock,,Multitype,,Uber,120,120,120,120,120,120
Arceus-Steel,Steel,,Multitype,,Uber,120,120,120,120,120,120
Arceus-Water,Water,,Multitype,,Uber,120,120,120,120,120,120
Archen,Rock,Flying,Defeatist,,LC,55,112,45,74,45,70
Archeops,Rock,Flying,Defeatist,,PUBL,75,140,65,112,65,110
Ariados,Bug,Poison,Insomnia,Sniper,Untiered,70,90,70,60,70,40
Armaldo,Rock,Bug,Battle Armor,Swift Swim,Untiered,75,125,100,70,80,45
Aromatisse,Fairy,,Aroma Veil,Healer,PUBL,101,72,72,99,89,29
Aron,Steel,Rock,Heavy Metal,Rock Head,LC,50,70,100,40,40,30
Articuno,Ice,Flying,Pressure,Snow Cloak,PU,90,85,100,95,125,85
Audino,Normal,,Healer,Klutz,PU,103,60,86,60,86,50
Audino-Mega,Normal,Fairy,Healer,,NU,103,60,126,80,126,50
Aurorus,Rock,Ice,Refrigerate,Snow Warning,PU,123,77,72,99,92,58
Avalugg,Ice,,Ice Body,Own Tempo,Untiered,95,117,184,44,46,28
Axew,Dragon,,Mold Breaker,Rivalry,LC,46,87,60,30,40,57
Azelf,Psychic,,Levitate,,UU,75,125,70,125,70,115
Azumarill,Water,Fairy,Huge Power,Sap Sipper,OU,100,50,80,60,80,50
Azurill,Normal,Fairy,Huge Power,Sap Sipper,LC,50,20,40,20,40,20
Bagon,Dragon,,Rock Head,Sheer Force,LC,45,75,60,40,30,50
Baltoy,Ground,Psychic,Levitate,,LC,40,40,55,40,70,55
Banette,Ghost,,Cursed Body,Frisk,Untiered,64,115,65,83,63,65
Banette-Mega,Ghost,,Prankster,,RU,64,165,75,93,83,75
Barbaracle,Rock,Water,Pickpocket,Sniper,NUBL,72,105,115,54,86,68
Barboach,Water,Ground,Anticipation,Hydration,LC,50,48,43,46,41,60
Basculin,Water,,Adaptability,Mold Breaker,Untiered,70,92,65,80,55,98
Bastiodon,Rock,Steel,Soundproof,Sturdy,Untiered,60,52,168,47,138,30
Bayleef,Grass,,Leaf Guard,Overgrow,,60,62,80,63,80,60
Beartic,Ice,,Slush Rush,Snow Cloak,Untiered,95,130,80,70,80,50
Beautifly,Bug,Flying,Rivalry,Swarm,Untiered,60,70,50,100,50,65
Beedrill,Bug,Poison,Sniper,Swarm,Untiered,65,90,40,45,80,75
Beedrill-Mega,Bug,Poison,Adaptability,,UU,65,150,40,15,80,145
Beheeyem,Psychic,,Analytic,Synchronize,Untiered,75,75,75,125,95,40
Beldum,Steel,Psychic,Clear Body,Light Metal,LC,40,55,80,35,60,30
Bellossom,Grass,,Chlorophyll,Healer,Untiered,75,80,95,90,100,50
Bellsprout,Grass,Poison,Chlorophyll,Gluttony,LC,50,75,35,70,30,40
Bergmite,Ice,,Ice Body,Own Tempo,LC,56,69,86,32,36,28
Bewear,Normal,Fighting,Fluffy,Klutz,RU,120,125,80,55,60,60
Bibarel,Normal,Water,Moody,Simple,Untiered,79,85,60,55,60,71
Bidoof,Normal,,Moody,Simple,LC,59,45,40,35,40,31
Binacle,Rock,Water,Pickpocket,Sniper,LC,42,52,67,39,56,50
Bisharp,Dark,Steel,Defiant,Inner Focus,UU,65,125,100,60,70,70
Blacephalon,Fire,Ghost,Beast Boost,,OU,53,127,53,151,79,107
Blastoise,Water,,Rain Dish,Torrent,NU,79,83,100,85,105,78
Blastoise-Mega,Water,,Mega Launcher,,RU,79,103,120,135,115,78
Blaziken,Fire,Fighting,Blaze,Speed Boost,Uber,80,120,70,110,70,80
Blaziken-Mega,Fire,Fighting,Speed Boost,,Uber,80,160,80,130,80,100
Blissey,Normal,,Healer,Natural Cure,UU,255,10,10,75,135,55
Blitzle,Electric,,Lightning Rod,Motor Drive,LC,45,60,32,50,32,76
Boldore,Rock,,Sand Force,Sturdy,,70,105,105,50,40,20
Bonsly,Rock,,Rattled,Rock Head,LC,50,80,95,10,45,10
Bouffalant,Normal,,Reckless,Sap Sipper,Untiered,95,110,95,40,95,55
Bounsweet,Grass,,Leaf Guard,Oblivious,LC,42,30,38,30,38,32
Braixen,Fire,,Blaze,Magician,,59,59,58,90,70,73
Braviary,Normal,Flying,Defiant,Keen Eye,NU,100,123,75,57,75,80
Breloom,Grass,Fighting,Effect Spore,Poison Heal,UUBL,60,130,80,60,60,70
Brionne,Water,,Liquid Voice,Torrent,,60,69,69,91,81,50
Bronzong,Steel,Psychic,Heatproof,Heavy Metal,RU,67,89,116,79,116,33
Bronzor,Steel,Psychic,Heatproof,Heavy Metal,LC,57,24,86,24,86,23
Bruxish,Water,Psychic,Dazzling,Strong Jaw,NUBL,68,105,70,70,70,92
Budew,Grass,Poison,Leaf Guard,Natural Cure,LC,40,30,35,50,70,55
Buizel,Water,,Swift Swim,Water Veil,LC,55,65,35,60,30,85
Bulbasaur,Grass,Poison,Chlorophyll,Overgrow,LC,45,49,49,65,65,45
Buneary,Normal,,Klutz,Limber,LC,55,66,44,44,56,85
Bunnelby,Normal,,Cheek Pouch,Huge Power,LC,38,36,38,32,36,57
Burmy,Bug,,Overcoat,Shed Skin,LC,40,29,45,29,45,36
Butterfree,Bug,Flying,Compound Eyes,Tinted Lens,Untiered,60,45,50,90,80,70
Buzzwole,Bug,Fighting,Beast Boost,,UUBL,107,139,139,53,53,79
Cacnea,Grass,,Sand Veil,Water Absorb,LC,50,85,40,85,40,35
Cacturne,Grass,Dark,Sand Veil,Water Absorb,Untiered,70,115,60,115,60,55
Camerupt,Fire,Ground,Anger Point,Magma Armor,Untiered,70,100,70,105,75,40
Camerupt-Mega,Fire,Ground,Sheer Force,,NUBL,70,120,100,145,105,20
Carbink,Rock,Fairy,Clear Body,Sturdy,Untiered,50,50,150,50,150,50
Carnivine,Grass,,Levitate,,Untiered,74,100,72,90,72,46
Carracosta,Water,Rock,Solid Rock,Sturdy,PU,74,108,133,83,65,32
Carvanha,Water,Dark,Rough Skin,Speed Boost,LC,45,90,20,65,20,65
Cascoon,Bug,,Shed Skin,,,50,35,55,25,25,15
Castform,Normal,,Forecast,,Untiered,70,70,70,70,70,70
Caterpie,Bug,,Run Away,Shield Dust,LC,45,30,35,20,20,45
Celebi,Psychic,Grass,Natural Cure,,UU,100,100,100,100,100,100
Celesteela,Steel,Flying,Beast Boost,,OU,97,101,103,107,101,61
Chandelure,Ghost,Fire,Flame Body,Flash Fire,UU,60,55,90,145,90,80
Chansey,Normal,,Healer,Natural Cure,OU,250,5,5,35,105,50
Charizard,Fire,Flying,Blaze,Solar Power,PUBL,78,84,78,109,85,100
Charizard-Mega-X,Fire,Dragon,Tough Claws,,OU,78,130,111,130,85,100
Charizard-Mega-Y,Fire,Flying,Drought,,OU,78,104,78,159,115,100
Charjabug,Bug,Electric,Battery,,,57,82,95,55,75,36
Charmander,Fire,,Blaze,Solar Power,LC,39,52,43,60,50,65
Charmeleon,Fire,,Blaze,Solar Power,,58,64,58,80,65,80
Chatot,Normal,Flying,Big Pecks,Keen Eye,Untiered,76,65,45,92,42,91
Cherrim,Grass,,Flower Gift,,Untiered,70,60,70,87,78,85
Cherubi,Grass,,Chlorophyll,,LC,45,35,45,62,53,35
Chesnaught,Grass,Fighting,Bulletproof,Overgrow,UU,88,107,122,74,75,64
Chespin,Grass,,Bulletproof,Overgrow,LC,56,61,65,48,45,38
Chikorita,Grass,,Leaf Guard,Overgrow,LC,45,49,65,49,65,45
Chimchar,Fire,,Blaze,Iron Fist,LC,44,58,44,58,44,61
Chimecho,Psychic,,Levitate,,Untiered,75,50,80,95,90,65
Chinchou,Water,Electric,Illuminate,Volt Absorb,LC,75,38,38,56,56,67
Chingling,Psychic,,Levitate,,LC,45,30,50,65,50,45
Cinccino,Normal,,Cute Charm,Skill Link,PUBL,75,95,60,65,60,115
Clamperl,Water,,Rattled,Shell Armor,LC,35,64,85,74,55,32
Clauncher,Water,,Mega Launcher,,LC,50,53,62,58,63,44
Clawitzer,Water,,Mega Launcher,,NU,71,73,88,120,89,59
Claydol,Ground,Psychic,Levitate,,PU,60,70,105,70,120,75
Clefable,Fairy,,Cute Charm,Magic Guard,OU,95,70,73,95,90,60
Clefairy,Fairy,,Cute Charm,Friend Guard,PU,70,45,48,60,65,35
Cleffa,Fairy,,Cute Charm,Friend Guard,LC,50,25,28,45,55,15
Cloyster,Water,Ice,Overcoat,Shell Armor,RU,50,95,180,85,45,70
Cobalion,Steel,Fighting,Justified,,UU,91,90,129,90,72,108
Cofagrigus,Ghost,,Mummy,,NUBL,58,50,145,95,105,30
Combee,Bug,Flying,Honey Gather,Hustle,LC,30,30,42,30,42,70
Combusken,Fire,Fighting,Blaze,Speed Boost,,60,85,60,85,60,55
Comfey,Fairy,,Flower Veil,Natural Cure,NU,51,52,90,82,110,100
Conkeldurr,Fighting,,Guts,Iron Fist,UUBL,105,140,95,55,65,45
Corphish,Water,,Adaptability,Hyper Cutter,LC,43,80,65,50,35,35
Corsola,Water,Rock,Hustle,Natural Cure,Untiered,65,55,95,65,95,35
Cosmoem,Psychic,,Sturdy,,,43,29,131,29,131,37
Cosmog,Psychic,,Unaware,,LC,43,29,31,29,31,37
Cottonee,Grass,Fairy,Chlorophyll,Infiltrator,LC,40,27,60,37,50,66
Crabominable,Fighting,Ice,Anger Point,Hyper Cutter,Untiered,97,132,77,62,67,43
Crabrawler,Fighting,,Anger Point,Hyper Cutter,LC,47,82,57,42,47,63
Cradily,Rock,Grass,Storm Drain,Suction Cups,Untiered,86,81,97,81,107,43
Cranidos,Rock,,Mold Breaker,Sheer Force,LC,67,125,40,30,30,58
Crawdaunt,Water,Dark,Adaptability,Hyper Cutter,UU,63,120,85,90,55,55
Cresselia,Psychic,,Levitate,,RU,120,70,120,75,130,85
Croagunk,Poison,Fighting,Anticipation,Dry Skin,LC,48,61,40,61,40,50
Crobat,Poison,Flying,Infiltrator,Inner Focus,UU,85,90,80,70,80,130
Croconaw,Water,,Sheer Force,Torrent,,65,80,80,59,63,58
Crustle,Bug,Rock,Shell Armor,Sturdy,Untiered,70,105,125,65,75,45
Cryogonal,Ice,,Levitate,,PU,80,50,50,95,135,105
Cubchoo,Ice,,Rattled,Slush Rush,LC,55,70,40,60,40,40
Cubone,Ground,,Battle Armor,Lightning Rod,LC,50,50,95,40,50,35
Cutiefly,Bug,Fairy,Honey Gather,Shield Dust,,40,45,40,55,40,84
Cyndaquil,Fire,,Blaze,Flash Fire,LC,39,52,43,60,50,65
Darkrai,Dark,,Bad Dreams,,Uber,70,90,90,135,90,125
Darmanitan,Fire,,Sheer Force,Zen Mode,RUBL,105,140,55,30,55,95
Darmanitan-Zen,Fire,Psychic,Zen Mode,,RUBL,105,30,105,140,105,55
Dartrix,Grass,Flying,Long Reach,Overgrow,,78,75,75,70,70,52
Darumaka,Fire,,Hustle,Inner Focus,LC,70,90,45,15,45,50
Decidueye,Grass,Ghost,Long Reach,Overgrow,NU,78,107,75,100,100,70
Dedenne,Electric,Fairy,Cheek Pouch,Pickup,Untiered,67,58,57,81,67,101
Deerling,Normal,Grass,Chlorophyll,Sap Sipper,LC,60,60,50,40,50,75
Deino,Dark,Dragon,Hustle,,LC,52,65,50,45,50,38
Delcatty,Normal,,Cute Charm,Normalize,Untiered,70,65,65,55,55,90
Delibird,Ice,Flying,Hustle,Insomnia,Untiered,45,55,45,65,45,75
Delphox,Fire,Psychic,Blaze,Magician,NU,75,69,72,114,100,104
Deoxys,Psychic,,Pressure,,Uber,50,150,50,150,50,150
Deoxys-Attack,Psychic,,Pressure,,Uber,50,180,20,180,20,150
Deoxys-Defense,Psychic,,Pressure,,Uber,50,70,160,70,160,90
Deoxys-Speed,Psychic,,Pressure,,Uber,50,95,90,95,90,180
Dewgong,Water,Ice,Hydration,Ice Body,Untiered,90,70,80,70,95,70
Dewott,Water,,Shell Armor,Torrent,,75,75,60,83,60,60
Dewpider,Water,Bug,Water Absorb,Water Bubble,LC,38,40,52,40,72,27
Dhelmise,Ghost,Grass,Steelworker,,NU,70,131,100,86,90,40
Dialga,Steel,Dragon,Pressure,Telepathy,Uber,100,120,120,150,100,90
Diancie,Rock,Fairy,Clear Body,,RU,50,100,150,100,150,50
Diancie-Mega,Rock,Fairy,Magic Bounce,,OU,50,160,110,160,110,110
Diggersby,Normal,Ground,Cheek Pouch,Huge Power,UUBL,85,56,77,50,77,78
Diglett,Ground,,Arena Trap,Sand Force,LC,10,55,25,35,45,95
Diglett-Alola,Ground,Steel,Sand Force,Sand Veil,LC,10,55,30,35,45,90
Ditto,Normal,,Imposter,Limber,Untiered,48,48,48,48,48,48
Dodrio,Normal,Flying,Early Bird,Run Away,PU,60,110,70,60,60,110
Doduo,Normal,Flying,Early Bird,Run Away,LC,35,85,45,35,35,75
Donphan,Ground,,Sand Veil,Sturdy,RU,90,120,120,60,60,50
Doublade,Steel,Ghost,No Guard,,UU,59,110,150,45,49,35
Dragalge,Poison,Dragon,Adaptability,Poison Point,RU,65,75,90,97,123,44
Dragonair,Dragon,,Marvel Scale,Shed Skin,,61,84,65,70,70,70
Dragonite,Dragon,Flying,Inner Focus,Multiscale,UUBL,91,134,95,100,100,80
Drampa,Normal,Dragon,Berserk,Cloud Nine,PU,78,60,85,135,91,36
Drapion,Poison,Dark,Battle Armor,Keen Eye,RU,70,90,110,60,75,95
Dratini,Dragon,,Marvel Scale,Shed Skin,LC,41,64,45,50,50,50
Drifblim,Ghost,Flying,Aftermath,Flare Boost,Untiered,150,80,44,90,54,80
Drifloon,Ghost,Flying,Aftermath,Flare Boost,,90,50,34,60,44,70
Drilbur,Ground,,Mold Breaker,Sand Force,LC,60,85,40,30,45,68
Drowzee,Psychic,,Forewarn,Inner Focus,LC,60,48,45,43,90,42
Druddigon,Dragon,,Mold Breaker,Rough Skin,NU,77,120,90,60,90,48
Ducklett,Water,Flying,Big Pecks,Hydration,LC,62,44,50,44,50,55
Dugtrio,Ground,,Arena Trap,Sand Force,Untiered,35,100,50,50,70,120
Dugtrio-Alola,Ground,Steel,Sand Force,Sand Veil,PU,35,100,60,50,70,110
Dunsparce,Normal,,Rattled,Run Away,Untiered,100,70,70,65,65,45
Duosion,Psychic,,Magic Guard,Overcoat,,65,40,50,125,60,30
Durant,Bug,Steel,Hustle,Swarm,RUBL,58,109,112,48,48,109
Dusclops,Ghost,,Frisk,Pressure,,40,70,130,60,130,25
Dusknoir,Ghost,,Frisk,Pressure,Untiered,45,100,135,65,135,45
Duskull,Ghost,,Frisk,Levitate,LC,20,40,90,30,90,25
Dustox,Bug,Poison,Compound Eyes,Shield Dust,Untiered,60,50,70,50,90,65
Dwebble,Bug,Rock,Shell Armor,Sturdy,LC,50,65,85,35,35,55
Eelektrik,Electric,,Levitate,,,65,85,70,75,70,40
Eelektross,Electric,,Levitate,,PU,85,115,80,105,80,50
Eevee,Normal,,Adaptability,Anticipation,LC,55,55,50,45,65,55
Eevee-Starter,Normal,,Adaptability,Anticipation,LGPE OU,65,75,70,65,85,75
Ekans,Poison,,Intimidate,Shed Skin,LC,35,60,44,40,54,55
Electabuzz,Electric,,Static,Vital Spirit,,65,83,57,95,85,105
Electivire,Electric,,Motor Drive,Vital Spirit,Untiered,75,123,67,95,85,95
Electrike,Electric,,Lightning Rod,Minus,LC,40,45,40,65,40,65
Electrode,Electric,,Aftermath,Soundproof,Untiered,60,50,70,80,80,150
Elekid,Electric,,Static,Vital Spirit,LC,45,63,37,65,55,95
Elgyem,Psychic,,Analytic,Synchronize,LC,55,55,55,85,55,30
Emboar,Fire,Fighting,Blaze,Reckless,NUBL,110,123,65,100,65,65
Emolga,Electric,Flying,Motor Drive,Static,Untiered,55,75,60,75,60,103
Empoleon,Water,Steel,Defiant,Torrent,UU,84,86,88,111,101,60
Entei,Fire,,Inner Focus,Pressure,RUBL,115,115,85,90,75,100
Escavalier,Bug,Steel,Overcoat,Shell Armor,RU,70,135,105,60,105,20
Espeon,Psychic,,Magic Bounce,Synchronize,RU,65,65,60,130,95,110
Espurr,Psychic,,Infiltrator,Keen Eye,LC,62,48,54,63,60,68
Excadrill,Ground,Steel,Mold Breaker,Sand Force,OU,110,135,60,50,65,88
Exeggcute,Grass,Psychic,Chlorophyll,Harvest,LC,60,40,80,60,45,40
Exeggutor,Grass,Psychic,Chlorophyll,Harvest,Untiered,95,95,85,125,75,55
Exeggutor-Alola,Grass,Dragon,Frisk,Harvest,NU,95,105,85,125,75,45
Exploud,Normal,,Scrappy,Soundproof,NUBL,104,91,63,91,73,68
Farfetch'd,Normal,Flying,Defiant,Inner Focus,Untiered,52,90,55,58,62,60
Fearow,Normal,Flying,Keen Eye,Sniper,Untiered,65,90,65,61,61,100
Feebas,Water,,Adaptability,Oblivious,LC,20,15,20,10,55,80
Fennekin,Fire,,Blaze,Magician,LC,40,45,40,62,60,60
Feraligatr,Water,,Sheer Force,Torrent,UU,85,105,100,79,83,78
Ferroseed,Grass,Steel,Iron Barbs,,PU,44,50,91,24,86,10
Ferrothorn,Grass,Steel,Anticipation,Iron Barbs,OU,74,94,131,54,116,20
Finneon,Water,,Storm Drain,Swift Swim,LC,49,49,56,49,61,66
Flaaffy,Electric,,Plus,Static,,70,55,55,80,60,45
Flabebe,Fairy,,Flower Veil,Symbiosis,LC,44,38,39,61,79,42
Flareon,Fire,,Flash Fire,Guts,Untiered,65,130,60,95,110,65
Fletchinder,Fire,Flying,Flame Body,Gale Wings,,62,73,55,56,52,84
Fletchling,Normal,Flying,Big Pecks,Gale Wings,LC,45,50,43,40,38,62
Floatzel,Water,,Swift Swim,Water Veil,Untiered,85,105,55,85,50,115
Floette,Fairy,,Flower Veil,Symbiosis,,54,45,47,75,98,52
Floette-Eternal,Fairy,,Flower Veil,Symbiosis,Limbo,74,65,67,125,128,92
Florges,Fairy,,Flower Veil,Symbiosis,RU,78,65,68,112,154,75
Flygon,Ground,Dragon,Levitate,,RU,80,100,80,80,80,100
Fomantis,Grass,,Contrary,Leaf Guard,LC,40,55,35,50,35,35
Foongus,Grass,Poison,Effect Spore,Regenerator,LC,69,55,45,55,55,15
Forretress,Bug,Steel,Overcoat,Sturdy,RU,75,90,140,60,60,40
Fraxure,Dragon,,Mold Breaker,Rivalry,,66,117,70,40,50,67
Frillish,Water,Ghost,Cursed Body,Damp,LC,55,40,50,65,85,40
Froakie,Water,,Protean,Torrent,LC,41,56,41,62,44,71
Frogadier,Water,,Protean,Torrent,,54,63,52,83,56,97
Froslass,Ice,Ghost,Cursed Body,Snow Cloak,UU,70,80,70,80,70,110
Furfrou,Normal,,Fur Coat,,Untiered,75,80,60,65,90,102
Furret,Normal,,Frisk,Keen Eye,Untiered,85,76,64,45,55,90
Gabite,Dragon,Ground,Rough Skin,Sand Veil,,68,90,65,50,55,82
Gallade,Psychic,Fighting,Justified,Steadfast,PUBL,68,125,65,65,115,80
Gallade-Mega,Psychic,Fighting,Inner Focus,,UUBL,68,165,95,65,115,110
Galvantula,Bug,Electric,Compound Eyes,Swarm,RU,70,77,60,97,60,108
Garbodor,Poison,,Aftermath,Stench,NU,80,95,82,60,82,75
Garchomp,Dragon,Ground,Rough Skin,Sand Veil,OU,108,130,95,80,85,102
Garchomp-Mega,Dragon,Ground,Sand Force,,OU,108,170,115,120,95,92
Gardevoir,Psychic,Fairy,Synchronize,Telepathy,RU,68,65,65,125,115,80
Gardevoir-Mega,Psychic,Fairy,Pixilate,,UUBL,68,85,65,165,135,100
Gastly,Ghost,Poison,Levitate,,LC,30,35,30,100,35,80
Gastrodon,Water,Ground,Sand Force,Sticky Hold,PU,111,83,68,92,82,39
Genesect,Bug,Steel,Download,,Uber,71,120,95,120,95,99
Gengar,Ghost,Poison,Cursed Body,,UU,60,65,60,130,75,110
Gengar-Mega,Ghost,Poison,Shadow Tag,,Uber,60,65,80,170,95,130
Geodude,Rock,Ground,Rock Head,Sand Veil,LC,40,80,100,30,30,20
Geodude-Alola,Rock,Electric,Galvanize,Magnet Pull,LC,40,80,100,30,30,20
Gible,Dragon,Ground,Rough Skin,Sand Veil,LC,58,70,45,40,45,42
Gigalith,Rock,,Sand Force,Sand Stream,RU,85,135,130,60,80,25
Girafarig,Normal,Psychic,Early Bird,Inner Focus,Untiered,70,80,65,90,65,85
Giratina,Ghost,Dragon,Pressure,Telepathy,Uber,150,100,120,100,120,90
Giratina-Origin,Ghost,Dragon,Levitate,,Uber,150,120,100,120,100,90
Glaceon,Ice,,Ice Body,Snow Cloak,Untiered,65,60,110,130,95,65
Glalie,Ice,,Ice Body,Inner Focus,Untiered,80,80,80,80,80,80
Glalie-Mega,Ice,,Refrigerate,,NU,80,120,80,120,80,100
Glameow,Normal,,Keen Eye,Limber,LC,49,55,42,42,37,85
Gligar,Ground,Flying,Hyper Cutter,Immunity,UU,65,75,105,35,65,85
Gliscor,Ground,Flying,Hyper Cutter,Poison Heal,OU,75,95,125,45,75,95
Gloom,Grass,Poison,Chlorophyll,Stench,,60,65,70,85,75,40
Gogoat,Grass,,Grass Pelt,Sap Sipper,Untiered,123,100,62,97,81,68
Golbat,Poison,Flying,Infiltrator,Inner Focus,NU,75,80,70,65,75,90
Goldeen,Water,,Lightning Rod,Swift Swim,LC,45,67,60,35,50,63
Golduck,Water,,Cloud Nine,Damp,Untiered,80,82,78,95,80,85
Golem,Rock,Ground,Rock Head,Sand Veil,Untiered,80,120,130,55,65,45
Golem-Alola,Rock,Electric,Galvanize,Magnet Pull,Untiered,80,120,130,55,65,45
Golett,Ground,Ghost,Iron Fist,Klutz,LC,59,74,50,35,50,35
Golisopod,Bug,Water,Emergency Exit,,RU,75,125,140,60,90,40
Golurk,Ground,Ghost,Iron Fist,Klutz,PU,89,124,80,55,80,55
Goodra,Dragon,,Gooey,Hydration,RU,90,100,70,110,150,80
Goomy,Dragon,,Gooey,Hydration,LC,45,50,35,55,75,40
Gorebyss,Water,,Hydration,Swift Swim,Untiered,55,84,105,114,75,52
Gothita,Psychic,,Competitive,Frisk,,45,30,50,55,65,45
Gothitelle,Psychic,,Competitive,Frisk,Untiered,70,55,95,95,110,65
Gothorita,Psychic,,Competitive,Frisk,,60,45,70,75,85,55
Gourgeist,Ghost,Grass,Frisk,Insomnia,Untiered,65,90,122,58,75,84
Gourgeist-Large,Ghost,Grass,Frisk,Insomnia,Untiered,75,95,122,58,75,69
Gourgeist-Small,Ghost,Grass,Frisk,Insomnia,Untiered,55,85,122,58,75,99
Gourgeist-Super,Ghost,Grass,Frisk,Insomnia,Untiered,85,100,122,58,75,54
Granbull,Fairy,,Intimidate,Quick Feet,Untiered,90,120,75,60,60,45
Graveler,Rock,Ground,Rock Head,Sand Veil,,55,95,115,45,45,35
Graveler-Alola,Rock,Electric,Galvanize,Magnet Pull,,55,95,115,45,45,35
Greninja,Water,Dark,Battle Bond,Protean,OU,72,95,67,103,71,122
Greninja-Ash,Water,Dark,Battle Bond,,OU,72,145,67,153,71,132
Grimer,Poison,,Poison Touch,Stench,LC,80,80,50,40,50,25
Grimer-Alola,Poison,Dark,Gluttony,Poison Touch,LC,80,80,50,40,50,25
Grotle,Grass,,Overgrow,Shell Armor,,75,89,85,55,65,36
Groudon,Ground,,Drought,,Uber,100,150,140,100,90,90
Groudon-Primal,Ground,Fire,Desolate Land,,Uber,100,180,160,150,90,90
Grovyle,Grass,,Overgrow,Unburden,,50,65,45,85,65,95
Growlithe,Fire,,Flash Fire,Intimidate,LC,55,70,45,70,50,60
Grubbin,Bug,,Swarm,,LC,47,62,45,55,45,46
Grumpig,Psychic,,Gluttony,Own Tempo,Untiered,80,45,65,90,110,80
Gulpin,Poison,,Gluttony,Liquid Ooze,LC,70,43,53,43,53,40
Gumshoos,Normal,,Adaptability,Stakeout,Untiered,88,110,60,55,60,45
Gurdurr,Fighting,,Guts,Iron Fist,PU,85,105,85,40,50,40
Guzzlord,Dark,Dragon,Beast Boost,,PUBL,223,101,53,97,53,43
Gyarados,Water,Flying,Intimidate,Moxie,UUBL,95,125,79,60,100,81
Gyarados-Mega,Water,Dark,Mold Breaker,,OU,95,155,109,70,130,81
Hakamo-o,Dragon,Fighting,Bulletproof,Overcoat,,55,75,90,65,70,65
Happiny,Normal,,Friend Guard,Natural Cure,LC,100,5,5,15,65,30
Hariyama,Fighting,,Guts,Sheer Force,NU,144,120,60,40,60,50
Haunter,Ghost,Poison,Levitate,,PU,45,50,45,115,55,95
Hawlucha,Fighting,Flying,Limber,Mold Breaker,OU,78,92,75,74,63,118
Haxorus,Dragon,,Mold Breaker,Rivalry,UU,76,147,90,60,70,97
Heatmor,Fire,,Flash Fire,Gluttony,Untiered,85,97,66,105,66,65
Heatran,Fire,Steel,Flash Fire,,OU,91,90,106,130,106,77
Heliolisk,Electric,Normal,Dry Skin,Sand Veil,NU,62,55,52,109,94,109
Helioptile,Electric,Normal,Dry Skin,Sand Veil,LC,44,38,33,61,43,70
Heracross,Bug,Fighting,Guts,Moxie,RUBL,80,125,75,40,95,85
Heracross-Mega,Bug,Fighting,Skill Link,,UUBL,80,185,115,40,105,75
Herdier,Normal,,Intimidate,Sand Rush,,65,80,65,35,65,60
Hippopotas,Ground,,Sand Force,Sand Stream,LC,68,72,78,38,42,32
Hippowdon,Ground,,Sand Force,Sand Stream,UU,108,112,118,68,72,47
Hitmonchan,Fighting,,Inner Focus,Iron Fist,PU,50,105,79,35,110,76
Hitmonlee,Fighting,,Limber,Reckless,NU,50,120,53,35,110,87
Hitmontop,Fighting,,Intimidate,Steadfast,NU,50,95,95,35,110,70
Ho-Oh,Fire,Flying,Pressure,Regenerator,Uber,106,130,90,110,154,90
Honchkrow,Dark,Flying,Insomnia,Moxie,RU,100,125,52,105,52,71
Honedge,Steel,Ghost,No Guard,,LC,45,80,100,35,37,28
Hoopa,Psychic,Ghost,Magician,,RU,80,110,60,150,130,70
Hoopa-Unbound,Psychic,Dark,Magician,,UUBL,80,160,60,170,130,80
Hoothoot,Normal,Flying,Insomnia,Keen Eye,LC,60,30,30,36,56,50
Hoppip,Grass,Flying,Chlorophyll,Infiltrator,LC,35,35,40,35,55,50
Horsea,Water,,Damp,Sniper,LC,30,40,70,70,25,60
Houndoom,Dark,Fire,Early Bird,Flash Fire,PUBL,75,90,50,110,80,95
Houndoom-Mega,Dark,Fire,Solar Power,,RUBL,75,90,90,140,90,115
Houndour,Dark,Fire,Early Bird,Flash Fire,LC,45,60,30,80,50,65
Huntail,Water,,Swift Swim,Water Veil,Untiered,55,104,105,94,75,52
Hydreigon,Dark,Dragon,Levitate,,UU,92,105,90,125,90,98
Hypno,Psychic,,Forewarn,Inner Focus,Untiered,85,73,70,73,115,67
Igglybuff,Normal,Fairy,Competitive,Cute Charm,LC,90,30,15,40,20,15
Illumise,Bug,,Oblivious,Prankster,Untiered,65,47,75,73,85,85
Incineroar,Fire,Dark,Blaze,Intimidate,NU,95,115,90,80,90,60
Infernape,Fire,Fighting,Blaze,Iron Fist,UU,76,104,71,104,71,108
Inkay,Dark,Psychic,Contrary,Infiltrator,LC,53,54,53,37,46,45
Ivysaur,Grass,Poison,Chlorophyll,Overgrow,,60,62,63,80,80,60
Jangmo-o,Dragon,,Bulletproof,Overcoat,LC,45,55,65,45,45,45
Jellicent,Water,Ghost,Cursed Body,Damp,PU,100,60,70,85,105,60
Jigglypuff,Normal,Fairy,Competitive,Cute Charm,,115,45,20,45,25,20
Jirachi,Steel,Psychic,Serene Grace,,OU,100,100,100,100,100,100
Jolteon,Electric,,Quick Feet,Volt Absorb,RU,65,65,60,110,95,130
Joltik,Bug,Electric,Compound Eyes,Swarm,LC,50,47,50,57,50,65
Jumpluff,Grass,Flying,Chlorophyll,Infiltrator,Untiered,75,55,70,55,95,110
Jynx,Ice,Psychic,Dry Skin,Forewarn,Untiered,65,50,35,115,95,95
Kabuto,Rock,Water,Battle Armor,Swift Swim,LC,30,80,90,55,45,55
Kabutops,Rock,Water,Battle Armor,Swift Swim,PU,60,115,105,65,70,80
Kadabra,Psychic,,Inner Focus,Magic Guard,,40,35,30,120,70,105
Kakuna,Bug,Poison,Shed Skin,,,45,25,50,25,25,35
Kangaskhan,Normal,,Early Bird,Inner Focus,PU,105,95,80,40,80,90
Kangaskhan-Mega,Normal,,Parental Bond,,Uber,105,125,100,60,100,100
Karrablast,Bug,,No Guard,Shed Skin,LC,50,75,45,40,45,60
Kartana,Grass,Steel,Beast Boost,,OU,59,181,131,59,31,109
Kecleon,Normal,,Color Change,Protean,Untiered,60,90,70,60,120,40
Keldeo,Water,Fighting,Justified,,OU,91,72,90,129,90,108
Kingdra,Water,Dragon,Damp,Sniper,NUBL,75,95,95,95,95,85
Kingler,Water,,Hyper Cutter,Sheer Force,PUBL,55,130,115,50,50,75
Kirlia,Psychic,Fairy,Synchronize,Telepathy,,38,35,35,65,55,50
Klang,Steel,,Clear Body,Minus,,60,80,95,70,85,50
Klefki,Steel,Fairy,Magician,Prankster,UU,57,80,91,80,87,75
Klink,Steel,,Clear Body,Minus,LC,40,55,70,45,60,30
Klinklang,Steel,,Clear Body,Minus,NU,60,100,115,70,85,90
Koffing,Poison,,Levitate,,LC,40,65,95,60,45,35
Komala,Normal,,Comatose,,Untiered,65,115,65,75,95,65
Kommo-o,Dragon,Fighting,Bulletproof,Overcoat,OU,75,110,125,100,105,85
Krabby,Water,,Hyper Cutter,Sheer Force,LC,30,105,90,25,25,50
Kricketot,Bug,,Run Away,Shed Skin,LC,37,25,41,25,41,25
Kricketune,Bug,,Swarm,Technician,Untiered,77,85,51,55,51,65
Krokorok,Ground,Dark,Anger Point,Intimidate,,60,82,45,45,45,74
Krookodile,Ground,Dark,Anger Point,Intimidate,UU,95,117,80,65,70,92
Kyogre,Water,,Drizzle,,Uber,100,100,90,150,140,90
Kyogre-Primal,Water,,Primordial Sea,,Uber,100,150,90,180,160,90
Kyurem,Dragon,Ice,Pressure,,RUBL,125,130,90,130,90,95
Kyurem-Black,Dragon,Ice,Teravolt,,OU,125,170,100,120,90,95
Kyurem-White,Dragon,Ice,Turboblaze,,Uber,125,120,90,170,100,95
Lairon,Steel,Rock,Heavy Metal,Rock Head,,60,90,140,50,50,40
Lampent,Ghost,Fire,Flame Body,Flash Fire,,60,40,60,95,60,55
Landorus,Ground,Flying,Sand Force,Sheer Force,Uber,89,125,90,115,80,101
Landorus-Therian,Ground,Flying,Intimidate,,OU,89,145,90,105,80,91
Lanturn,Water,Electric,Illuminate,Volt Absorb,PU,125,58,58,76,76,67
Lapras,Water,Ice,Hydration,Shell Armor,Untiered,130,85,80,85,95,60
Larvesta,Bug,Fire,Flame Body,Swarm,LC,55,85,55,50,55,60
Larvitar,Rock,Ground,Guts,Sand Veil,LC,50,64,50,45,50,41
Latias,Dragon,Psychic,Levitate,,UU,80,80,90,110,130,110
Latias-Mega,Dragon,Psychic,Levitate,,OU,80,100,120,140,150,110
Latios,Dragon,Psychic,Levitate,,UUBL,80,90,80,130,110,110
Latios-Mega,Dragon,Psychic,Levitate,,UUBL,80,130,100,160,120,110
Leafeon,Grass,,Chlorophyll,Leaf Guard,Untiered,65,110,130,60,65,95
Leavanny,Bug,Grass,Chlorophyll,Overcoat,Untiered,75,103,80,70,80,92
Ledian,Bug,Flying,Early Bird,Iron Fist,Untiered,55,35,50,55,110,85
Ledyba,Bug,Flying,Early Bird,Rattled,LC,40,20,30,40,80,55
Lickilicky,Normal,,Cloud Nine,Oblivious,Untiered,110,85,95,80,95,50
Lickitung,Normal,,Cloud Nine,Oblivious,LC,90,55,75,60,75,30
Liepard,Dark,,Limber,Prankster,PU,64,88,50,88,50,106
Lileep,Rock,Grass,Storm Drain,Suction Cups,LC,66,41,77,61,87,23
Lilligant,Grass,,Chlorophyll,Leaf Guard,PUBL,70,60,75,110,75,90
Lillipup,Normal,,Pickup,Run Away,LC,45,60,45,25,45,55
Linoone,Normal,,Gluttony,Pickup,RUBL,78,70,61,50,61,100
Litleo,Fire,Normal,Moxie,Rivalry,LC,62,50,58,73,54,72
Litten,Fire,,Blaze,Intimidate,LC,45,65,40,60,40,70
Litwick,Ghost,Fire,Flame Body,Flash Fire,LC,50,30,55,65,55,20
Lombre,Water,Grass,Own Tempo,Rain Dish,,60,50,50,60,70,50
Lopunny,Normal,,Cute Charm,Klutz,Untiered,65,76,84,54,96,105
Lopunny-Mega,Normal,Fighting,Scrappy,,OU,65,136,94,54,96,135
Lotad,Water,Grass,Own Tempo,Rain Dish,LC,40,30,30,40,50,30
Loudred,Normal,,Scrappy,Soundproof,,84,71,43,71,43,48
Lucario,Fighting,Steel,Inner Focus,Justified,UU,70,110,70,115,70,90
Lucario-Mega,Fighting,Steel,Adaptability,,Uber,70,145,88,140,70,112
Ludicolo,Water,Grass,Own Tempo,Rain Dish,PU,80,70,70,90,100,70
Lugia,Psychic,Flying,Multiscale,Pressure,Uber,106,90,130,90,154,110
Lumineon,Water,,Storm Drain,Swift Swim,Untiered,69,69,76,69,86,91
Lunala,Psychic,Ghost,Shadow Shield,,Uber,137,113,89,137,107,97
Lunatone,Rock,Psychic,Levitate,,Untiered,90,55,65,95,85,70
Lurantis,Grass,,Contrary,Leaf Guard,PU,70,105,90,80,90,45
Luvdisc,Water,,Hydration,Swift Swim,Untiered,43,30,55,40,65,97
Luxio,Electric,,Guts,Intimidate,,60,85,49,60,49,60
Luxray,Electric,,Guts,Intimidate,Untiered,80,120,79,95,79,70
Lycanroc,Rock,,Keen Eye,Sand Rush,PU,75,115,65,55,65,112
Lycanroc-Dusk,Rock,,Tough Claws,,RU,75,117,65,55,65,110
Lycanroc-Midnight,Rock,,Keen Eye,No Guard,Untiered,85,115,75,55,75,82
Machamp,Fighting,,Guts,No Guard,RU,90,130,80,65,85,55
Machoke,Fighting,,Guts,No Guard,,80,100,70,50,60,45
Machop,Fighting,,Guts,No Guard,LC,70,80,50,35,35,35
Magby,Fire,,Flame Body,Vital Spirit,LC,45,75,37,70,55,83
Magcargo,Fire,Rock,Flame Body,Magma Armor,Untiered,60,50,120,90,80,30
Magearna,Steel,Fairy,Soul-Heart,,OU,80,95,115,130,115,65
Magikarp,Water,,Rattled,Swift Swim,LC,20,10,55,15,20,80
Magmar,Fire,,Flame Body,Vital Spirit,,65,95,57,100,85,93
Magmortar,Fire,,Flame Body,Vital Spirit,NU,75,95,67,125,95,83
Magnemite,Electric,Steel,Analytic,Magnet Pull,LC,25,35,70,95,55,45
Magneton,Electric,Steel,Analytic,Magnet Pull,UU,50,60,95,120,70,70
Magnezone,Electric,Steel,Analytic,Magnet Pull,OU,70,70,115,130,90,60
Makuhita,Fighting,,Guts,Sheer Force,LC,72,60,30,20,30,25
Malamar,Dark,Psychic,Contrary,Infiltrator,NU,86,92,88,68,75,73
Mamoswine,Ice,Ground,Oblivious,Snow Cloak,UU,110,130,80,70,60,80
Manaphy,Water,,Hydration,,OU,100,100,100,100,100,100
Mandibuzz,Dark,Flying,Big Pecks,Overcoat,RU,110,65,105,55,95,80
Manectric,Electric,,Lightning Rod,Minus,PU,70,75,60,105,60,105
Manectric-Mega,Electric,,Intimidate,,UU,70,75,80,135,80,135
Mankey,Fighting,,Anger Point,Defiant,LC,40,80,35,35,45,70
Mantine,Water,Flying,Swift Swim,Water Absorb,RU,85,40,70,80,140,70
Mantyke,Water,Flying,Swift Swim,Water Absorb,LC,45,20,50,60,120,50
Maractus,Grass,,Chlorophyll,Storm Drain,Untiered,75,86,67,106,67,60
Mareanie,Poison,Water,Limber,Merciless,LC,50,53,62,43,52,45
Mareep,Electric,,Plus,Static,LC,55,40,40,65,45,35
Marill,Water,Fairy,Huge Power,Sap Sipper,,70,20,50,20,50,40
Marowak,Ground,,Battle Armor,Lightning Rod,Untiered,60,80,110,50,80,45
Marowak-Alola,Fire,Ghost,Cursed Body,Lightning Rod,RU,60,80,110,50,80,45
Marshadow,Fighting,Ghost,Technician,,Uber,90,125,80,90,90,125
Marshtomp,Water,Ground,Damp,Torrent,,70,85,70,60,70,50
Masquerain,Bug,Flying,Intimidate,Unnerve,Untiered,70,60,62,100,82,80
Mawile,Steel,Fairy,Hyper Cutter,Intimidate,Untiered,50,85,85,55,55,50
Mawile-Mega,Steel,Fairy,Huge Power,,OU,50,105,125,55,95,50
Medicham,Fighting,Psychic,Pure Power,Telepathy,NU,60,60,75,60,75,80
Medicham-Mega,Fighting,Psychic,Pure Power,,OU,60,100,85,80,85,100
Meditite,Fighting,Psychic,Pure Power,Telepathy,,30,40,55,40,55,60
Meganium,Grass,,Leaf Guard,Overgrow,Untiered,80,82,100,83,100,80
Melmetal,Steel,,Iron Fist,,LGPE OU,135,143,143,80,65,34
Meloetta,Normal,Psychic,Serene Grace,,RUBL,100,77,77,128,128,90
Meloetta-Pirouette,Normal,Fighting,Serene Grace,,RUBL,100,128,90,77,77,128
Meltan,Steel,,Magnet Pull,,LGPE OU,46,65,65,55,35,34
Meowstic-F,Psychic,,Competitive,Infiltrator,Untiered,74,48,76,83,81,104
Meowstic-M,Psychic,,Infiltrator,Keen Eye,Untiered,74,48,76,83,81,104
Meowth,Normal,,Pickup,Technician,LC,40,45,35,40,40,90
Meowth-Alola,Dark,,Pickup,Rattled,LC,40,35,35,50,40,90
Mesprit,Psychic,,Levitate,,NU,80,105,105,105,105,80
Metagross,Steel,Psychic,Clear Body,Light Metal,RU,80,135,130,95,90,70
Metagross-Mega,Steel,Psychic,Tough Claws,,Uber,80,145,150,105,110,110
Metang,Steel,Psychic,Clear Body,Light Metal,,60,75,100,55,80,50
Metapod,Bug,,Shed Skin,,,50,20,55,25,25,30
Mew,Psychic,,Synchronize,,UU,100,100,100,100,100,100
Mewtwo,Psychic,,Pressure,Unnerve,Uber,106,110,90,154,90,130
Mewtwo-Mega-X,Psychic,Fighting,Steadfast,,Uber,106,190,100,154,100,130
Mewtwo-Mega-Y,Psychic,,Insomnia,,Uber,106,150,70,194,120,140
Mienfoo,Fighting,,Inner Focus,Reckless,LC,45,85,50,55,50,65
Mienshao,Fighting,,Inner Focus,Reckless,RUBL,65,125,60,95,60,105
Mightyena,Dark,,Intimidate,Moxie,Untiered,70,90,70,60,60,70
Milotic,Water,,Competitive,Cute Charm,RU,95,60,79,100,125,81
Miltank,Normal,,Sap Sipper,Scrappy,NU,95,80,105,40,70,100
Mime Jr.,Psychic,Fairy,Filter,Soundproof,LC,20,25,45,70,90,60
Mimikyu,Ghost,Fairy,Disguise,,UU,55,90,80,50,105,96
Minccino,Normal,,Cute Charm,Skill Link,LC,55,50,40,40,40,75
Minior,Rock,Flying,Shields Down,,NU,60,100,60,100,60,120
Minior-Meteor,Rock,Flying,Shields Down,,NU,60,60,100,60,100,60
Minun,Electric,,Minus,Volt Absorb,Untiered,60,40,50,75,85,95
Misdreavus,Ghost,,Levitate,,,60,60,60,85,85,85
Mismagius,Ghost,,Levitate,,NU,60,60,60,105,105,105
Moltres,Fire,Flying,Flame Body,Pressure,UU,90,100,90,125,85,90
Monferno,Fire,Fighting,Blaze,Iron Fist,,64,78,52,78,52,81
Morelull,Grass,Fairy,Effect Spore,Illuminate,LC,40,35,55,65,75,15
Mothim,Bug,Flying,Swarm,Tinted Lens,Untiered,70,94,50,94,50,66
Mr. Mime,Psychic,Fairy,Filter,Soundproof,Untiered,40,45,65,100,120,90
Mudbray,Ground,,Inner Focus,Own Tempo,LC,70,100,70,45,55,45
Mudkip,Water,,Damp,Torrent,LC,50,70,50,50,50,40
Mudsdale,Ground,,Inner Focus,Own Tempo,PU,100,125,100,55,85,35
Muk,Poison,,Poison Touch,Stench,Untiered,105,105,75,65,100,50
Muk-Alola,Poison,Dark,Gluttony,Poison Touch,UU,105,105,75,65,100,50
Munchlax,Normal,,Gluttony,Pickup,LC,135,85,40,40,85,5
Munna,Psychic,,Forewarn,Synchronize,LC,76,25,45,67,55,24
Murkrow,Dark,Flying,Insomnia,Prankster,,60,85,42,85,42,91
Musharna,Psychic,,Forewarn,Synchronize,PU,116,55,85,107,95,29
Naganadel,Poison,Dragon,Beast Boost,,Uber,73,73,73,127,73,121
Natu,Psychic,Flying,Early Bird,Magic Bounce,LC,40,50,45,70,45,70
Necrozma,Psychic,,Prism Armor,,RU,97,107,101,127,89,79
Necrozma-Dawn Wings,Psychic,Ghost,Prism Armor,,Uber,97,113,109,157,127,77
Necrozma-Dusk Mane,Psychic,Steel,Prism Armor,,Uber,97,157,127,113,109,77
Necrozma-Ultra,Psychic,Dragon,Neuroforce,,Uber,97,167,97,167,97,129
Nidoking,Poison,Ground,Poison Point,Rivalry,UU,81,102,77,85,75,85
Nidoqueen,Poison,Ground,Poison Point,Rivalry,RU,90,92,87,75,85,76
Nidoran-F,Poison,,Hustle,Poison Point,LC,55,47,52,40,40,41
Nidoran-M,Poison,,Hustle,Poison Point,LC,46,57,40,40,40,50
Nidorina,Poison,,Hustle,Poison Point,,70,62,67,55,55,56
Nidorino,Poison,,Hustle,Poison Point,,61,72,57,55,55,65
Nihilego,Rock,Poison,Beast Boost,,UU,109,53,47,127,131,103
Nincada,Bug,Ground,Compound Eyes,Run Away,LC,31,45,90,30,30,40
Ninetales,Fire,,Drought,Flash Fire,RU,73,76,75,81,100,100
Ninetales-Alola,Ice,Fairy,Snow Cloak,Snow Warning,UUBL,73,67,75,81,100,109
Ninjask,Bug,Flying,Infiltrator,Speed Boost,Untiered,61,90,45,50,50,160
Noctowl,Normal,Flying,Insomnia,Keen Eye,Untiered,100,50,50,86,96,70
Noibat,Flying,Dragon,Frisk,Infiltrator,LC,40,30,35,45,40,55
Noivern,Flying,Dragon,Frisk,Infiltrator,RU,85,70,80,97,80,123
Nosepass,Rock,,Magnet Pull,Sand Force,LC,30,45,135,45,90,30
Numel,Fire,Ground,Oblivious,Own Tempo,LC,60,60,40,65,45,35
Nuzleaf,Grass,Dark,Chlorophyll,Early Bird,,70,70,40,60,40,60
Octillery,Water,,Moody,Sniper,Untiered,75,105,75,105,75,45
Oddish,Grass,Poison,Chlorophyll,Run Away,LC,45,50,55,75,65,30
Omanyte,Rock,Water,Shell Armor,Swift Swim,LC,35,40,100,90,55,35
Omastar,Rock,Water,Shell Armor,Swift Swim,PU,70,60,125,115,70,55
Onix,Rock,Ground,Rock Head,Sturdy,LC,35,45,160,30,45,70
Oranguru,Normal,Psychic,Inner Focus,Symbiosis,Untiered,90,60,80,90,110,60
Oricorio,Fire,Flying,Dancer,,Untiered,75,70,70,98,70,93
Oricorio-Pa'u,Psychic,Flying,Dancer,,Untiered,75,70,70,98,70,93
Oricorio-Pom-Pom,Electric,Flying,Dancer,,PU,75,70,70,98,70,93
Oricorio-Sensu,Ghost,Flying,Dancer,,PU,75,70,70,98,70,93
Oshawott,Water,,Shell Armor,Torrent,LC,55,55,45,63,45,45
Pachirisu,Electric,,Pickup,Run Away,Untiered,60,45,70,45,90,95
Palkia,Water,Dragon,Pressure,Telepathy,Uber,90,120,100,150,120,100
Palossand,Ghost,Ground,Sand Veil,Water Compaction,NU,85,75,110,100,75,35
Palpitoad,Water,Ground,Hydration,Swift Swim,,75,65,55,65,55,69
Pancham,Fighting,,Iron Fist,Mold Breaker,LC,67,82,62,46,48,43
Pangoro,Fighting,Dark,Iron Fist,Mold Breaker,NU,95,124,78,69,71,58
Panpour,Water,,Gluttony,Torrent,LC,50,53,48,53,48,64
Pansage,Grass,,Gluttony,Overgrow,LC,50,53,48,53,48,64
Pansear,Fire,,Blaze,Gluttony,LC,50,53,48,53,48,64
Paras,Bug,Grass,Damp,Dry Skin,LC,35,70,55,45,55,25
Parasect,Bug,Grass,Damp,Dry Skin,Untiered,60,95,80,60,80,30
Passimian,Fighting,,Defiant,Receiver,NU,100,120,90,40,60,80
Patrat,Normal,,Analytic,Keen Eye,LC,45,55,39,35,39,42
Pawniard,Dark,Steel,Defiant,Inner Focus,LC,45,85,70,40,40,60
Pelipper,Water,Flying,Drizzle,Keen Eye,OU,60,50,100,95,70,65
Persian,Normal,,Limber,Technician,Untiered,65,70,60,65,65,115
Persian-Alola,Dark,,Fur Coat,Rattled,PU,65,60,60,75,65,115
Petilil,Grass,,Chlorophyll,Leaf Guard,LC,45,35,50,70,50,30
Phanpy,Ground,,Pickup,Sand Veil,LC,90,60,60,40,40,40
Phantump,Ghost,Grass,Frisk,Harvest,LC,43,70,48,50,60,38
Pheromosa,Bug,Fighting,Beast Boost,,Uber,71,137,37,137,37,151
Phione,Water,,Hydration,,Untiered,80,80,80,80,80,80
Pichu,Electric,,Lightning Rod,Static,LC,20,40,15,35,35,60
Pidgeot,Normal,Flying,Big Pecks,Keen Eye,Untiered,83,80,75,70,70,101
Pidgeot-Mega,Normal,Flying,No Guard,,UU,83,80,80,135,80,121
Pidgeotto,Normal,Flying,Big Pecks,Keen Eye,,63,60,55,50,50,71
Pidgey,Normal,Flying,Big Pecks,Keen Eye,LC,40,45,40,35,35,56
Pidove,Normal,Flying,Big Pecks,Rivalry,LC,50,55,50,36,30,43
Pignite,Fire,Fighting,Blaze,Thick Fat,,90,93,55,70,55,55
Pikachu,Electric,,Lightning Rod,Static,,35,55,40,50,50,90
Pikachu-Starter,Electric,,Lightning Rod,Static,LGPE OU,45,80,50,75,60,120
Pikipek,Normal,Flying,Keen Eye,Pickup,LC,35,75,30,30,30,65
Piloswine,Ice,Ground,Oblivious,Snow Cloak,NU,100,100,80,60,60,50
Pineco,Bug,,Overcoat,Sturdy,LC,50,65,90,35,35,15
Pinsir,Bug,,Hyper Cutter,Mold Breaker,Untiered,65,125,100,55,70,85
Pinsir-Mega,Bug,Flying,Aerilate,,UUBL,65,155,120,65,90,105
Piplup,Water,,Defiant,Torrent,LC,53,51,53,61,56,40
Plusle,Electric,,Lightning Rod,Plus,Untiered,60,50,40,85,75,95
Poipole,Poison,,Beast Boost,,,67,73,67,73,67,73
Politoed,Water,,Damp,Drizzle,Untiered,90,75,75,90,100,70
Poliwag,Water,,Damp,Swift Swim,LC,40,50,40,40,40,90
Poliwhirl,Water,,Damp,Swift Swim,,65,65,65,50,50,90
Poliwrath,Water,Fighting,Damp,Swift Swim,Untiered,90,95,95,70,90,70
Ponyta,Fire,,Flame Body,Flash Fire,LC,50,85,55,65,65,90
Poochyena,Dark,,Quick Feet,Rattled,LC,35,55,35,30,30,35
Popplio,Water,,Liquid Voice,Torrent,LC,50,54,54,66,56,40
Porygon,Normal,,Analytic,Download,,65,60,70,85,75,40
Porygon-Z,Normal,,Adaptability,Analytic,UUBL,85,80,70,135,75,90
Porygon2,Normal,,Analytic,Download,RU,85,80,90,105,95,60
Primarina,Water,Fairy,Liquid Voice,Torrent,UU,80,74,74,126,116,60
Primeape,Fighting,,Anger Point,Defiant,PU,65,105,60,60,70,95
Prinplup,Water,,Defiant,Torrent,,64,66,68,81,76,50
Probopass,Rock,Steel,Magnet Pull,Sand Force,Untiered,60,55,145,75,150,40
Psyduck,Water,,Cloud Nine,Damp,LC,50,52,48,65,50,55
Pumpkaboo,Ghost,Grass,Frisk,Insomnia,LC,49,66,70,44,55,51
Pumpkaboo-Large,Ghost,Grass,Frisk,Insomnia,LC,54,66,70,44,55,46
Pumpkaboo-Small,Ghost,Grass,Frisk,Insomnia,LC,44,66,70,44,55,56
Pumpkaboo-Super,Ghost,Grass,Frisk,Insomnia,LC,59,66,70,44,55,41
Pupitar,Rock,Ground,Shed Skin,,,70,84,70,65,70,51
Purrloin,Dark,,Limber,Prankster,LC,41,50,37,50,37,66
Purugly,Normal,,Defiant,Own Tempo,Untiered,71,82,64,64,59,112
Pyroar,Fire,Normal,Moxie,Rivalry,PUBL,86,68,72,109,66,106
Pyukumuku,Water,,Innards Out,Unaware,Untiered,55,60,130,30,130,5
Quagsire,Water,Ground,Damp,Unaware,UU,95,85,85,65,65,35
Quilava,Fire,,Blaze,Flash Fire,,58,64,58,80,65,80
Quilladin,Grass,,Bulletproof,Overgrow,,61,78,95,56,58,57
Qwilfish,Water,Poison,Intimidate,Poison Point,PU,65,95,85,55,55,85
Raichu,Electric,,Lightning Rod,Static,Untiered,60,90,55,90,80,110
Raichu-Alola,Electric,Psychic,Surge Surfer,,PU,60,85,50,95,85,110
Raikou,Electric,,Inner Focus,Pressure,RU,90,85,75,115,100,115
Ralts,Psychic,Fairy,Synchronize,Telepathy,LC,28,25,25,45,35,40
Rampardos,Rock,,Mold Breaker,Sheer Force,Untiered,97,165,60,65,50,58
Rapidash,Fire,,Flame Body,Flash Fire,Untiered,65,100,70,80,80,105
Raticate,Normal,,Guts,Hustle,Untiered,55,81,60,50,70,97
Raticate-Alola,Dark,Normal,Gluttony,Hustle,Untiered,75,71,70,40,80,77
Rattata,Normal,,Guts,Hustle,LC,30,56,35,25,35,72
Rattata-Alola,Dark,Normal,Gluttony,Hustle,LC,30,56,35,25,35,72
Rayquaza,Dragon,Flying,Air Lock,,Uber,105,150,90,150,90,95
Rayquaza-Mega,Dragon,Flying,Delta Stream,,AG,105,180,100,180,100,115
Regice,Ice,,Clear Body,Ice Body,Untiered,80,50,100,100,200,50
Regigigas,Normal,,Slow Start,,Untiered,110,160,110,80,110,100
Regirock,Rock,,Clear Body,Sturdy,PU,80,100,200,50,100,50
Registeel,Steel,,Clear Body,Light Metal,RU,80,75,150,75,150,50
Relicanth,Water,Rock,Rock Head,Sturdy,Untiered,100,90,130,45,65,55
Remoraid,Water,,Hustle,Moody,LC,35,65,35,65,35,65
Reshiram,Dragon,Fire,Turboblaze,,Uber,100,120,100,150,120,90
Reuniclus,Psychic,,Magic Guard,Overcoat,RUBL,110,65,75,125,85,30
Rhydon,Ground,Rock,Lightning Rod,Reckless,NU,105,130,120,45,45,40
Rhyhorn,Ground,Rock,Lightning Rod,Reckless,LC,80,85,95,30,30,25
Rhyperior,Ground,Rock,Lightning Rod,Reckless,RU,115,140,130,55,55,40
Ribombee,Bug,Fairy,Honey Gather,Shield Dust,RU,60,55,60,95,70,124
Riolu,Fighting,,Inner Focus,Prankster,LC,40,70,40,35,40,60
Rockruff,Rock,,Keen Eye,Own Tempo,LC,45,65,40,30,40,60
Roggenrola,Rock,,Sand Force,Sturdy,LC,55,75,85,25,25,15
Roselia,Grass,Poison,Leaf Guard,Natural Cure,PU,50,60,45,100,80,65
Roserade,Grass,Poison,Natural Cure,Poison Point,RU,60,70,65,125,105,90
Rotom,Electric,Ghost,Levitate,,NU,50,50,77,95,77,91
Rotom-Fan,Electric,Flying,Levitate,,Untiered,50,65,107,105,107,86
Rotom-Frost,Electric,Ice,Levitate,,PU,50,65,107,105,107,86
Rotom-Heat,Electric,Fire,Levitate,,UU,50,65,107,105,107,86
Rotom-Mow,Electric,Grass,Levitate,,RU,50,65,107,105,107,86
Rotom-Wash,Electric,Water,Levitate,,OU,50,65,107,105,107,86
Rowlet,Grass,Flying,Long Reach,Overgrow,LC,68,55,55,50,50,42
Rufflet,Normal,Flying,Hustle,Keen Eye,LC,70,83,50,37,50,60
Sableye,Dark,Ghost,Keen Eye,Prankster,PU,50,75,75,65,65,50
Sableye-Mega,Dark,Ghost,Magic Bounce,,OU,50,85,125,85,115,20
Salamence,Dragon,Flying,Intimidate,Moxie,UUBL,95,135,80,110,80,100
Salamence-Mega,Dragon,Flying,Aerilate,,Uber,95,145,130,120,90,120
Salandit,Poison,Fire,Corrosion,Oblivious,LC,48,44,40,71,40,77
Salazzle,Poison,Fire,Corrosion,Oblivious,RU,68,64,60,111,60,117
Samurott,Water,,Shell Armor,Torrent,NU,95,100,85,108,70,70
Sandile,Ground,Dark,Anger Point,Intimidate,LC,50,72,35,35,35,65
Sandshrew,Ground,,Sand Rush,Sand Veil,LC,50,75,85,20,30,40
Sandshrew-Alola,Ice,Steel,Slush Rush,Snow Cloak,LC,50,75,90,10,35,40
Sandslash,Ground,,Sand Rush,Sand Veil,Untiered,75,100,110,45,55,65
Sandslash-Alola,Ice,Steel,Slush Rush,Snow Cloak,PU,75,100,120,25,65,65
Sandygast,Ghost,Ground,Sand Veil,Water Compaction,LC,55,55,80,70,45,15
Sawk,Fighting,,Inner Focus,Mold Breaker,PUBL,75,125,75,30,75,85
Sawsbuck,Normal,Grass,Chlorophyll,Sap Sipper,Untiered,80,100,70,60,70,95
Scatterbug,Bug,,Compound Eyes,Friend Guard,LC,38,35,40,27,25,35
Sceptile,Grass,,Overgrow,Unburden,NU,70,85,65,105,85,120
Sceptile-Mega,Grass,Dragon,Lightning Rod,,RU,70,110,75,145,85,145
Scizor,Bug,Steel,Light Metal,Swarm,UU,70,130,100,55,80,65
Scizor-Mega,Bug,Steel,Technician,,OU,70,150,140,65,100,75
Scolipede,Bug,Poison,Poison Point,Speed Boost,UUBL,60,100,89,55,69,112
Scrafty,Dark,Fighting,Intimidate,Moxie,NU,65,90,115,45,115,58
Scraggy,Dark,Fighting,Intimidate,Moxie,LC,50,75,70,35,70,48
Scyther,Bug,Flying,Steadfast,Swarm,PU,70,110,80,55,80,105
Seadra,Water,,Damp,Poison Point,,55,65,95,95,45,85
Seaking,Water,,Lightning Rod,Swift Swim,Untiered,80,92,65,65,80,68
Sealeo,Ice,Water,Ice Body,Oblivious,,90,60,70,75,70,45
Seedot,Grass,,Chlorophyll,Early Bird,LC,40,40,50,30,30,30
Seel,Water,,Hydration,Ice Body,LC,65,45,55,45,70,45
Seismitoad,Water,Ground,Poison Touch,Swift Swim,NU,105,95,75,85,75,74
Sentret,Normal,,Frisk,Keen Eye,LC,35,46,34,35,45,20
Serperior,Grass,,Contrary,Overgrow,OU,75,75,95,75,95,113
Servine,Grass,,Contrary,Overgrow,,60,60,75,60,75,83
Seviper,Poison,,Infiltrator,Shed Skin,Untiered,73,100,60,100,60,65
Sewaddle,Bug,Grass,Chlorophyll,Overcoat,LC,45,53,70,40,60,42
Sharpedo,Water,Dark,Rough Skin,Speed Boost,RUBL,70,120,40,95,40,95
Sharpedo-Mega,Water,Dark,Strong Jaw,,UU,70,140,70,110,65,105
Shaymin,Grass,,Natural Cure,,RU,100,100,100,100,100,100
Shaymin-Sky,Grass,Flying,Serene Grace,,Uber,100,103,75,120,75,127
Shedinja,Bug,Ghost,Wonder Guard,,Untiered,1,90,45,30,30,40
Shelgon,Dragon,,Overcoat,Rock Head,,65,95,100,60,50,50
Shellder,Water,,Overcoat,Shell Armor,LC,30,65,100,45,25,40
Shellos,Water,,Sand Force,Sticky Hold,LC,76,48,48,57,62,34
Shelmet,Bug,,Hydration,Overcoat,LC,50,40,85,40,65,25
Shieldon,Rock,Steel,Soundproof,Sturdy,LC,30,42,118,42,88,30
Shiftry,Grass,Dark,Chlorophyll,Early Bird,Untiered,90,100,60,90,60,80
Shiinotic,Grass,Fairy,Effect Spore,Illuminate,Untiered,60,45,80,90,100,30
Shinx,Electric,,Guts,Intimidate,LC,45,65,34,40,34,45
Shroomish,Grass,,Effect Spore,Poison Heal,LC,60,40,60,40,60,35
Shuckle,Bug,Rock,Contrary,Gluttony,Untiered,20,10,230,10,230,5
Shuppet,Ghost,,Cursed Body,Frisk,LC,44,75,35,63,33,45
Sigilyph,Psychic,Flying,Magic Guard,Tinted Lens,NU,72,58,80,103,80,97
Silcoon,Bug,,Shed Skin,,,50,35,55,25,25,15
Silvally,Normal,,RKS System,,Untiered,95,95,95,95,95,95
Silvally-Bug,Bug,,RKS System,,Untiered,95,95,95,95,95,95
Silvally-Dark,Dark,,RKS System,,Untiered,95,95,95,95,95,95
Silvally-Dragon,Dragon,,RKS System,,Untiered,95,95,95,95,95,95
Silvally-Electric,Electric,,RKS System,,Untiered,95,95,95,95,95,95
Silvally-Fairy,Fairy,,RKS System,,PU,95,95,95,95,95,95
Silvally-Fighting,Fighting,,RKS System,,Untiered,95,95,95,95,95,95
Silvally-Fire,Fire,,RKS System,,Untiered,95,95,95,95,95,95
Silvally-Flying,Flying,,RKS System,,Untiered,95,95,95,95,95,95
Silvally-Ghost,Ghost,,RKS System,,PU,95,95,95,95,95,95
Silvally-Grass,Grass,,RKS System,,Untiered,95,95,95,95,95,95
Silvally-Ground,Ground,,RKS System,,Untiered,95,95,95,95,95,95
Silvally-Ice,Ice,,RKS System,,Untiered,95,95,95,95,95,95
Silvally-Poison,Poison,,RKS System,,Untiered,95,95,95,95,95,95
Silvally-Psychic,Psychic,,RKS System,,Untiered,95,95,95,95,95,95
Silvally-Rock,Rock,,RKS System,,Untiered,95,95,95,95,95,95
Silvally-Steel,Steel,,RKS System,,NU,95,95,95,95,95,95
Silvally-Water,Water,,RKS System,,Untiered,95,95,95,95,95,95
Simipour,Water,,Gluttony,Torrent,Untiered,75,98,63,98,63,101
Simisage,Grass,,Gluttony,Overgrow,Untiered,75,98,63,98,63,101
Simisear,Fire,,Blaze,Gluttony,Untiered,75,98,63,98,63,101
Skarmory,Steel,Flying,Keen Eye,Sturdy,OU,65,80,140,40,70,70
Skiddo,Grass,,Grass Pelt,Sap Sipper,LC,66,65,48,62,57,52
Skiploom,Grass,Flying,Chlorophyll,Infiltrator,,55,45,50,45,65,80
Skitty,Normal,,Cute Charm,Normalize,LC,50,45,45,35,35,50
Skorupi,Poison,Bug,Battle Armor,Keen Eye,LC,40,50,90,30,55,65
Skrelp,Poison,Water,Adaptability,Poison Point,LC,50,60,60,60,60,30
Skuntank,Poison,Dark,Aftermath,Keen Eye,PU,103,93,67,71,61,84
Slaking,Normal,,Truant,,Untiered,150,160,100,95,65,100
Slakoth,Normal,,Truant,,LC,60,60,60,35,35,30
Sliggoo,Dragon,,Gooey,Hydration,,68,75,53,83,113,60
Slowbro,Water,Psychic,Oblivious,Own Tempo,RU,95,75,110,100,80,30
Slowbro-Mega,Water,Psychic,Shell Armor,,RUBL,95,75,180,130,80,30
Slowking,Water,Psychic,Oblivious,Own Tempo,NU,95,75,80,100,110,30
Slowpoke,Water,Psychic,Oblivious,Own Tempo,LC,90,65,65,40,40,15
Slugma,Fire,,Flame Body,Magma Armor,LC,40,40,40,70,40,20
Slurpuff,Fairy,,Sweet Veil,Unburden,NUBL,82,80,86,85,75,72
Smeargle,Normal,,Moody,Own Tempo,Untiered,55,20,35,20,45,75
Smoochum,Ice,Psychic,Forewarn,Hydration,LC,45,30,15,85,65,65
Sneasel,Dark,Ice,Inner Focus,Keen Eye,NU,55,95,55,35,75,115
Snivy,Grass,,Contrary,Overgrow,LC,45,45,55,45,55,63
Snorlax,Normal,,Gluttony,Immunity,RU,160,110,65,65,110,30
Snorunt,Ice,,Ice Body,Inner Focus,LC,50,50,50,50,50,50
Snover,Grass,Ice,Snow Warning,Soundproof,LC,60,62,50,62,60,40
Snubbull,Fairy,,Intimidate,Rattled,LC,60,80,50,40,40,30
Solgaleo,Psychic,Steel,Full Metal Body,,Uber,137,137,107,113,89,97
Solosis,Psychic,,Magic Guard,Overcoat,LC,45,30,40,105,50,20
Solrock,Rock,Psychic,Levitate,,Untiered,90,95,85,55,65,70
Spearow,Normal,Flying,Keen Eye,Sniper,LC,40,60,30,31,31,70
Spewpa,Bug,,Friend Guard,Shed Skin,,45,22,60,27,30,29
Spheal,Ice,Water,Ice Body,Oblivious,LC,70,40,50,55,50,25
Spinarak,Bug,Poison,Insomnia,Sniper,LC,40,60,40,40,40,30
Spinda,Normal,,Contrary,Own Tempo,Untiered,60,60,60,60,60,60
Spiritomb,Ghost,Dark,Infiltrator,Pressure,PU,50,92,108,92,108,35
Spoink,Psychic,,Gluttony,Own Tempo,LC,60,25,35,70,80,60
Spritzee,Fairy,,Aroma Veil,Healer,LC,78,52,60,63,65,23
Squirtle,Water,,Rain Dish,Torrent,LC,44,48,65,50,64,43
Stakataka,Rock,Steel,Beast Boost,,RUBL,61,131,211,53,101,13
Stantler,Normal,,Frisk,Intimidate,Untiered,73,95,62,85,65,85
Staraptor,Normal,Flying,Intimidate,Reckless,UUBL,85,120,70,50,60,100
Staravia,Normal,Flying,Intimidate,Reckless,,55,75,50,40,40,80
Starly,Normal,Flying,Keen Eye,Reckless,LC,40,55,30,30,30,60
Starmie,Water,Psychic,Analytic,Illuminate,UU,60,75,85,100,85,115
Staryu,Water,,Analytic,Illuminate,LC,30,45,55,70,55,85
Steelix,Steel,Ground,Rock Head,Sheer Force,NU,75,85,200,55,65,30
Steelix-Mega,Steel,Ground,Sand Force,,UU,75,125,230,55,95,30
Steenee,Grass,,Leaf Guard,Oblivious,,52,40,48,40,48,62
Stoutland,Normal,,Intimidate,Sand Rush,PU,85,110,90,45,90,80
Stufful,Normal,Fighting,Cute Charm,Fluffy,LC,70,75,50,45,50,50
Stunfisk,Ground,Electric,Limber,Sand Veil,Untiered,109,66,84,81,99,32
Stunky,Poison,Dark,Aftermath,Keen Eye,LC,63,63,47,41,41,74
Sudowoodo,Rock,,Rattled,Rock Head,Untiered,70,100,115,30,65,30
Suicune,Water,,Inner Focus,Pressure,UU,100,75,115,90,115,85
Sunflora,Grass,,Chlorophyll,Early Bird,Untiered,75,75,55,105,85,30
Sunkern,Grass,,Chlorophyll,Early Bird,LC,30,30,30,30,30,30
Surskit,Bug,Water,Rain Dish,Swift Swim,LC,40,30,32,50,52,65
Swablu,Normal,Flying,Cloud Nine,Natural Cure,LC,45,40,60,40,75,50
Swadloon,Bug,Grass,Chlorophyll,Leaf Guard,,55,63,90,50,80,42
Swalot,Poison,,Gluttony,Liquid Ooze,Untiered,100,73,83,73,83,55
Swampert,Water,Ground,Damp,Torrent,UU,100,110,90,85,90,60
Swampert-Mega,Water,Ground,Swift Swim,,OU,100,150,110,95,110,70
Swanna,Water,Flying,Big Pecks,Hydration,Untiered,75,87,63,87,63,98
Swellow,Normal,Flying,Guts,Scrappy,RU,60,85,60,75,50,125
Swinub,Ice,Ground,Oblivious,Snow Cloak,LC,50,50,40,30,30,50
Swirlix,Fairy,,Sweet Veil,Unburden,,62,48,66,59,57,49
Swoobat,Psychic,Flying,Klutz,Simple,Untiered,67,57,55,77,55,114
Sylveon,Fairy,,Cute Charm,Pixilate,UU,95,65,65,110,130,60
Taillow,Normal,Flying,Guts,Scrappy,LC,40,55,30,30,30,85
Talonflame,Fire,Flying,Flame Body,Gale Wings,RUBL,78,81,71,74,69,126
Tangela,Grass,,Chlorophyll,Leaf Guard,PU,65,55,115,100,40,60
Tangrowth,Grass,,Chlorophyll,Leaf Guard,OU,100,100,125,110,50,50
Tapu Bulu,Grass,Fairy,Grassy Surge,Telepathy,OU,70,130,115,85,95,75
Tapu Fini,Water,Fairy,Misty Surge,Telepathy,OU,70,75,115,95,130,85
Tapu Koko,Electric,Fairy,Electric Surge,Telepathy,OU,70,115,85,95,75,130
Tapu Lele,Psychic,Fairy,Psychic Surge,Telepathy,OU,70,85,75,130,115,95
Tauros,Normal,,Anger Point,Intimidate,PUBL,75,100,95,40,70,110
Teddiursa,Normal,,Honey Gather,Pickup,LC,60,80,50,50,50,40
Tentacool,Water,Poison,Clear Body,Liquid Ooze,LC,40,40,35,50,100,70
Tentacruel,Water,Poison,Clear Body,Liquid Ooze,UU,80,70,65,80,120,100
Tepig,Fire,,Blaze,Thick Fat,LC,65,63,45,45,45,45
Terrakion,Rock,Fighting,Justified,,UU,91,129,90,72,90,108
Throh,Fighting,,Guts,Inner Focus,Untiered,120,100,85,30,85,45
Thundurus,Electric,Flying,Defiant,Prankster,UUBL,79,115,70,125,80,111
Thundurus-Therian,Electric,Flying,Volt Absorb,,UUBL,79,105,70,145,80,101
Timburr,Fighting,,Guts,Iron Fist,LC,75,80,55,25,35,35
Tirtouga,Water,Rock,Solid Rock,Sturdy,LC,54,78,103,53,45,22
Togedemaru,Electric,Steel,Iron Barbs,Lightning Rod,NU,65,98,63,40,73,96
Togekiss,Fairy,Flying,Hustle,Serene Grace,UU,85,50,95,120,115,80
Togepi,Fairy,,Hustle,Serene Grace,LC,35,20,65,40,65,20
Togetic,Fairy,Flying,Hustle,Serene Grace,,55,40,85,80,105,40
Torchic,Fire,,Blaze,Speed Boost,LC,45,60,40,70,50,45
Torkoal,Fire,,Drought,Shell Armor,Untiered,70,85,140,85,70,20
Tornadus,Flying,,Defiant,Prankster,RUBL,79,115,70,125,80,111
Tornadus-Therian,Flying,,Regenerator,,OU,79,100,80,110,90,121
Torracat,Fire,,Blaze,Intimidate,,65,85,50,80,50,90
Torterra,Grass,Ground,Overgrow,Shell Armor,Untiered,95,109,105,75,85,56
Totodile,Water,,Sheer Force,Torrent,LC,50,65,64,44,48,43
Toucannon,Normal,Flying,Keen Eye,Sheer Force,Untiered,80,120,75,75,75,60
Toxapex,Poison,Water,Limber,Merciless,OU,50,63,152,53,142,35
Toxicroak,Poison,Fighting,Anticipation,Dry Skin,RU,83,106,65,86,65,85
Tranquill,Normal,Flying,Big Pecks,Rivalry,,62,77,62,50,42,65
Trapinch,Ground,,Arena Trap,Hyper Cutter,,45,100,45,45,45,10
Treecko,Grass,,Overgrow,Unburden,LC,40,45,35,65,55,70
Trevenant,Ghost,Grass,Frisk,Harvest,Untiered,85,110,76,65,82,56
Tropius,Grass,Flying,Chlorophyll,Harvest,Untiered,99,68,83,72,87,51
Trubbish,Poison,,Aftermath,Stench,LC,50,50,62,40,62,65
Trumbeak,Normal,Flying,Keen Eye,Pickup,,55,85,50,40,50,75
Tsareena,Grass,,Leaf Guard,Queenly Majesty,RU,72,120,98,50,98,72
Turtonator,Fire,Dragon,Shell Armor,,Untiered,60,78,135,91,85,36
Turtwig,Grass,,Overgrow,Shell Armor,LC,55,68,64,45,55,31
Tympole,Water,,Hydration,Swift Swim,LC,50,50,40,50,40,64
Tynamo,Electric,,Levitate,,LC,35,55,40,45,40,60
Type: Null,Normal,,Battle Armor,,Untiered,95,95,95,95,95,59
Typhlosion,Fire,,Blaze,Flash Fire,NU,78,84,78,109,85,100
Tyranitar,Rock,Dark,Sand Stream,Unnerve,OU,100,134,110,95,100,61
Tyranitar-Mega,Rock,Dark,Sand Stream,,OU,100,164,150,95,120,71
Tyrantrum,Rock,Dragon,Rock Head,Strong Jaw,RU,82,121,119,69,59,71
Tyrogue,Fighting,,Guts,Steadfast,LC,35,35,35,35,35,35
Tyrunt,Rock,Dragon,Strong Jaw,Sturdy,LC,58,89,77,45,45,48
Umbreon,Dark,,Inner Focus,Synchronize,RU,95,65,110,60,130,65
Unfezant,Normal,Flying,Big Pecks,Rivalry,Untiered,80,115,80,65,55,93
Unown,Psychic,,Levitate,,Untiered,48,72,48,72,48,48
Ursaring,Normal,,Guts,Quick Feet,Untiered,90,130,75,75,75,55
Uxie,Psychic,,Levitate,,RU,75,75,130,75,130,95
Vanillish,Ice,,Ice Body,Snow Cloak,,51,65,65,80,75,59
Vanillite,Ice,,Ice Body,Snow Cloak,LC,36,50,50,65,60,44
Vanilluxe,Ice,,Ice Body,Snow Warning,NUBL,71,95,85,110,95,79
Vaporeon,Water,,Hydration,Water Absorb,NU,130,65,60,110,95,65
Venipede,Bug,Poison,Poison Point,Speed Boost,LC,30,45,59,30,39,57
Venomoth,Bug,Poison,Shield Dust,Tinted Lens,RUBL,70,65,60,90,75,90
Venonat,Bug,Poison,Compound Eyes,Run Away,LC,60,55,50,40,55,45
Venusaur,Grass,Poison,Chlorophyll,Overgrow,RU,80,82,83,100,100,80
Venusaur-Mega,Grass,Poison,Thick Fat,,UUBL,80,100,123,122,120,80
Vespiquen,Bug,Flying,Pressure,Unnerve,Untiered,70,80,102,80,102,40
Vibrava,Ground,Dragon,Levitate,,,50,70,50,50,50,70
Victini,Psychic,Fire,Victory Star,,OU,100,100,100,100,100,100
Victreebel,Grass,Poison,Chlorophyll,Gluttony,PU,80,105,65,100,70,70
Vigoroth,Normal,,Vital Spirit,,,80,80,80,55,55,90
Vikavolt,Bug,Electric,Levitate,,NU,77,70,90,145,75,43
Vileplume,Grass,Poison,Chlorophyll,Effect Spore,NUBL,75,80,85,110,90,50
Virizion,Grass,Fighting,Justified,,RU,91,90,72,90,129,108
Vivillon,Bug,Flying,Compound Eyes,Friend Guard,NU,80,52,50,90,50,89
Volbeat,Bug,,Illuminate,Prankster,Untiered,65,73,75,47,85,85
Volcanion,Fire,Water,Water Absorb,,UU,80,110,120,130,90,70
Volcarona,Bug,Fire,Flame Body,Swarm,OU,85,60,65,135,105,100
Voltorb,Electric,,Aftermath,Soundproof,LC,40,30,50,55,55,100
Vullaby,Dark,Flying,Big Pecks,Overcoat,LC,70,55,75,45,65,60
Vulpix,Fire,,Drought,Flash Fire,,38,41,40,50,65,65
Vulpix-Alola,Ice,,Snow Cloak,Snow Warning,LC,38,41,40,50,65,65
Wailmer,Water,,Oblivious,Pressure,LC,130,70,35,70,35,60
Wailord,Water,,Oblivious,Pressure,Untiered,170,90,45,90,45,60
Walrein,Ice,Water,Ice Body,Oblivious,Untiered,110,80,90,95,90,65
Wartortle,Water,,Rain Dish,Torrent,,59,63,80,65,80,58
Watchog,Normal,,Analytic,Illuminate,Untiered,60,85,69,60,69,77
Weavile,Dark,Ice,Pickpocket,Pressure,UUBL,70,120,65,45,85,125
Weedle,Bug,Poison,Run Away,Shield Dust,LC,40,35,30,20,20,50
Weepinbell,Grass,Poison,Chlorophyll,Gluttony,,65,90,50,85,45,55
Weezing,Poison,,Levitate,,NU,65,90,120,85,70,60
Whimsicott,Grass,Fairy,Chlorophyll,Infiltrator,NU,60,67,85,77,75,116
Whirlipede,Bug,Poison,Poison Point,Speed Boost,,40,55,99,40,79,47
Whiscash,Water,Ground,Anticipation,Hydration,Untiered,110,78,73,76,71,60
Whismur,Normal,,Rattled,Soundproof,LC,64,51,23,51,23,28
Wigglytuff,Normal,Fairy,Competitive,Cute Charm,Untiered,140,70,45,85,50,45
Wimpod,Bug,Water,Wimp Out,,LC,25,35,40,20,30,80
Wingull,Water,Flying,Hydration,Keen Eye,,40,30,30,55,30,85
Wishiwashi,Water,,Schooling,,Untiered,45,20,20,25,25,40
Wishiwashi-School,Water,,Schooling,,Untiered,45,140,130,140,135,30
Wobbuffet,Psychic,,Shadow Tag,Telepathy,Untiered,190,33,58,33,58,33
Woobat,Psychic,Flying,Klutz,Simple,LC,65,45,43,55,43,72
Wooper,Water,Ground,Damp,Unaware,LC,55,45,45,25,25,15
Wormadam,Bug,Grass,Anticipation,Overcoat,Untiered,60,59,85,79,105,36
Wormadam-Sandy,Bug,Ground,Anticipation,Overcoat,Untiered,60,79,105,59,85,36
Wormadam-Trash,Bug,Steel,Anticipation,Overcoat,Untiered,60,69,95,69,95,36
Wurmple,Bug,,Run Away,Shield Dust,LC,45,45,35,20,30,20
Wynaut,Psychic,,Shadow Tag,Telepathy,LC,95,23,48,23,48,23
Xatu,Psychic,Flying,Early Bird,Magic Bounce,NU,65,75,70,95,70,95
Xerneas,Fairy,,Fairy Aura,,Uber,126,131,95,131,98,99
Xurkitree,Electric,,Beast Boost,,UUBL,83,89,71,173,71,83
Yamask,Ghost,,Mummy,,LC,38,30,85,55,65,30
Yanma,Bug,Flying,Compound Eyes,Frisk,,65,65,45,75,45,95
Yanmega,Bug,Flying,Frisk,Speed Boost,RU,86,76,86,116,56,95
Yungoos,Normal,,Adaptability,Stakeout,LC,48,70,30,30,30,45
Yveltal,Dark,Flying,Dark Aura,,Uber,126,131,95,131,98,99
Zangoose,Normal,,Immunity,Toxic Boost,PU,73,115,60,60,60,90
Zapdos,Electric,Flying,Pressure,Static,OU,90,90,85,125,90,100
Zebstrika,Electric,,Lightning Rod,Motor Drive,Untiered,75,100,63,80,63,116
Zekrom,Dragon,Electric,Teravolt,,Uber,100,150,120,120,100,90
Zeraora,Electric,,Volt Absorb,,UU,88,112,75,102,80,143
Zigzagoon,Normal,,Gluttony,Pickup,LC,38,30,41,30,41,60
Zoroark,Dark,,Illusion,,RUBL,60,105,60,120,60,105
Zorua,Dark,,Illusion,,LC,40,65,40,80,40,65
Zubat,Poison,Flying,Infiltrator,Inner Focus,LC,40,45,35,30,40,55
Zweilous,Dark,Dragon,Hustle,,,72,85,70,65,70,58
Zygarde,Dragon,Ground,Aura Break,Power Construct,Uber,108,100,121,81,95,95
Zygarde-10%,Dragon,Ground,Aura Break,Power Construct,RU,54,100,71,61,85,115
Zygarde-Complete,Dragon,Ground,Power Construct,,Uber,216,100,121,91,95,85
